-- Poblacion de Base de Datos Libreria BD4

-- Editorial
INSERT INTO LibreriaBuscaLibre.Editorial (nombre, ciudad, complemento, Telefono) 
VALUES 
('OlimpoLibri', 'Roma', 'Via dei Fori Imperiali, 1', '39 06 6992 0211'),
('AtlanteEdizioni', 'Florencia', 'Piazza della Signoria, 1', '39 055 294883'),
('MinotauroLibros', 'Nápoles', 'Piazza del Plebiscito, 1', '39 081 580 2144'),
('EoloEditorial', 'Milán', 'Piazza del Duomo, 1', '39 02 7202 2656'),
('CirceEdizioni', 'Venecia', 'Piazza San Marco, 1', '39 041 522 4064'),
('FaunoLibros', 'Turín', 'Piazza Castello, 1', '39 011 436 2111'),
('SirenaEditore', 'Génova', 'Piazza de Ferrari, 1', '39 010 555 6555'),
('PrometeoPubblicazioni', 'Bolonia', 'Piazza Maggiore, 1', '39 051 239660'),
('OrfeoEdizioni', 'Verona', 'Piazza Bra, 1', '39 045 800 9841'),
('MedusaLibri', 'Bari', 'Piazza del Ferrarese, 1', '39 080 524 9111'),
('EneaEditoriale', 'Padua', 'Piazza dei Signori, 1', '39 049 870 3585'),
('CalipsoLibros', 'Palermo', 'Piazza Pretoria, 1', '39 091 605 1258'),
('CerberoEdizioni', 'Catania', 'Piazza Duomo, 1', '39 095 730 6211'),
('PandoraPubblicazioni', 'Bergamo', 'Piazza Vecchia, 1', '39 035 242 011'),
('VenereLibri', 'Trieste', 'Piazza Unità d\'Italia, 1', '39 040 675 4976'),
('ErcoleEditore', 'Cagliari', 'Piazza Costituzione, 1', '39 070 668 6111'),
('NettunoEdizioni', 'Florence', 'Piazza Santa Maria Novella, 1', '39 055 239 6971'),
('PerseoLibri', 'Taranto', 'Piazza Garibaldi, 1', '39 099 423 9666'),
('GorgonaEditore', 'Rímini', 'Piazza Tre Martiri, 1', '39 0541 785511'),
('ArtemidePubblicazioni', 'Rávena', 'Piazza del Popolo, 1', '39 0544 482111');

-- Cliente
INSERT INTO LibreriaBuscaLibre.cliente (cedula, nombre) 
VALUES 
('23467890', 'Juan Lepik'),
('23478901', 'María Kask'),
('345689012', 'José Põld'),
('45690123', 'Ana Mets'),
('567901234', 'Carlos Sild'),
('678912345', 'Laura Toom'),
('789023456', 'Pedro Ojamaa'),
('890124567', 'Sofía Saar'),
('901235678', 'Miguel Viik'),
('11020303', 'Alicia Kivistik'),
('50738233', 'Diego Kukk'),
('23421971', 'Isabel Ilves'),
('20303250', 'Lucía Rebane'),
('37523533', 'Javier Põder'),
('6009642', 'Elena Talvik'),
('38233474', 'Jorge Tamm'),
('82346564', 'Marina Allik'),
('25859625', 'Andrés Mägi'),
('37737440', 'Carmen Lepp'),
('94063237', 'David Toompere'),
('564333', 'Guadalupe Sisask'),
('7464333', 'Eduardo Oja'),
('74481282', 'Cecilia Mänd'),
('633946', 'Pablo Aas'),
('22194063', 'Valentina Kask'),
('7374401', 'Gabriel Paju'),
('59625859', 'Fernanda Kangur'),
('30303250', 'Ricardo Vaher'),
('47920037', 'Luz Kase'),
('7823347', 'Hugo Teder'),
('54731629', 'Rosa Tamme'),
('63946564', 'Alejandro Teder'),
('3373744', 'Paulina Paas'),
('48128246', 'Federico Leht'),
('64333946', 'Daniela Kivikas'),
('9858373', 'Mario Kaasik'),
('7035397', 'Juliana Säde'),
('20346564', 'Federico Kruus'),
('2569259', 'Valeria Laidla'),
('3303258', 'Mariana Pikk');

-- libro
INSERT INTO LibreriaBuscaLibre.libro (ISBN, titulo, numero_paginas, nombre_editorial) 
VALUES 
('978031001', 'La Aventura del Tiempo', '200', 'Planeta'),
('978067902', 'Caminos del Alma', '250', 'Penguin Classics'),
('978006103', 'El Secreto del Bosque', '300', 'Harper Perennial'),
('978006204', 'El Misterio de la Noche', '400', 'Salani'),
('978030705', 'El Tesoro del Pirata', '150', 'Vintage Español'),
('978043906', 'El Guardian de las Sombras', '180', 'Viking Press'),
('978031007', 'La Vida en el Cielo', '220', 'Planeta'),
('978067909', 'Sueños Perdidos', '270', 'Penguin Classics'),
('978006105', 'La Caza del Tesoro', '320', 'Harper Perennial'),
('978006206', 'Los Misterios del Bosque Encantado', '380', 'Salani'),
('978030709', 'La Isla del Olvido', '170', 'Vintage Español'),
('978043901', 'Las Sombras del Pasado', '190', 'Viking Press'),
('978031002', 'La Rosa del Desierto', '210', 'Planeta'),
('978067903', 'El Refugio del Alma', '260', 'Penguin Classics'),
('978006104', 'Los Secretos del Jardín', '310', 'Harper Perennial'),
('978006205', 'El Enigma de la Luna', '360', 'Salani'),
('978030706', 'El Misterio de la Calle Oscura', '130', 'Vintage Español'),
('978043907', 'El Secreto de la Montaña', '170', 'Viking Press'),
('978031008', 'Los Guardianes del Tiempo', '200', 'Planeta'),
('978067910', 'El Sueño Eterno', '250', 'Penguin Classics'),
('978006106', 'El Laberinto de los Recuerdos', '300', 'Harper Perennial'),
('978006207', 'El Bosque de los Susurros', '400', 'Salani'),
('978030710', 'La Tierra Prometida', '150', 'Vintage Español'),
('978043902', 'La Llave de los Secretos', '180', 'Viking Press'),
('978031003', 'El Viaje del Héroe', '220', 'Planeta'),
('978067904', 'El Refugio del Corazón', '270', 'Penguin Classics'),
('978006107', 'El Misterio de la Casa Abandonada', '320', 'Harper Perennial'),
('978006208', 'El Castillo de los Sueños', '380', 'Salani'),
('978030707', 'La Ciudad de las Sombras', '170', 'Vintage Español'),
('978043908', 'El Misterio del Lago', '190', 'Viking Press');

-- Autor
INSERT INTO LibreriaBuscaLibre.autor(id, `fecha de nacimiento`, nacionalidad, nombre)
VALUES
('6', '1967-08-14', 'Mexicana', 'Laura Esquivel'),
('7', '1970-06-28', 'Española', 'Carlos Ruiz Zafón'),
('8', '1982-04-03', 'Estadounidense', 'Suzanne Collins'),
('9', '1975-10-21', 'Canadiense', 'Alice Munro'),
('10', '1963-05-17', 'Británica', 'Kazuo Ishiguro'),
('11', '1980-09-09', 'Mexicana', 'Guadalupe Nettel'),
('12', '1958-11-30', 'Española', 'Arturo Pérez-Reverte'),
('13', '1973-07-02', 'Estadounidense', 'David Foster Wallace'),
('14', '1979-02-16', 'Canadiense', 'Yann Martel'),
('15', '1965-12-10', 'Británica', 'Zadie Smith'),
('16', '1988-06-23', 'Mexicana', 'Valeria Luiselli'),
('17', '1969-04-05', 'Española', 'Javier Marías'),
('18', '1978-10-28', 'Estadounidense', 'Jonathan Safran Foer'),
('19', '1974-01-14', 'Canadiense', 'Miriam Toews'),
('20', '1960-07-07', 'Británica', 'Neil Gaiman'),
('21', '1981-03-19', 'Mexicana', 'Daniel Sada'),
('22', '1957-09-25', 'Española', 'Rosa Montero'),
('23', '1976-11-03', 'Estadounidense', 'Jeffrey Eugenides'),
('24', '1971-05-29', 'Canadiense', 'Douglas Coupland'),
('25', '1959-08-12', 'Británica', 'Martin Amis'),
('26', '1984-01-04', 'Mexicana', 'Valeria Tentoni'),
('27', '1968-02-08', 'Española', 'Antonio Muñoz Molina'),
('28', '1977-06-16', 'Estadounidense', 'Jhumpa Lahiri'),
('29', '1972-12-20', 'Canadiense', 'Michael Ondaatje'),
('30', '1955-10-01', 'Británica', 'Salman Rushdie'),
('31', '1978-04-23', 'Mexicana', 'Álvaro Enrigue'),
('32', '1966-08-09', 'Española', 'Paula Hawkins'),
('33', '1975-03-15', 'Estadounidense', 'Donna Tartt'),
('34', '1970-09-10', 'Canadiense', 'Margaret Atwood'),
('35', '1952-05-25', 'Británica', 'Ian McEwan'),
('36', '1980-01-30', 'Mexicana', 'Yuri Herrera'),
('37', '1969-07-17', 'Española', 'María Dueñas'),
('38', '1974-11-11', 'Estadounidense', 'Jonathan Franzen'),
('39', '1971-06-02', 'Canadiense', 'Ann-Marie MacDonald'),
('40', '1968-12-16', 'Británica', 'David Mitchell'),
('41', '1982-06-21', 'Mexicana', 'Verónica Gerber Bicecci'),
('42', '1963-03-14', 'Española', 'Julio Llamazares'),
('43', '1978-09-27', 'Estadounidense', 'Jennifer Egan'),
('44', '1976-05-22', 'Canadiense', 'E');

-- Libro_autor
INSERT INTO LibreriaBuscaLibre.libro_autor(ISBN_libro, id_autor) 
VALUES 
('978031001', '6'),
('978067902', '7'),
('978006103', '8'),
('978006204', '9'),
('978030705', '10'),
('978043906', '11'),
('978031007', '12'),
('978067909', '13'),
('978006105', '14'),
('978006206', '15'),
('978030709', '16'),
('978043901', '17'),
('978031002', '18'),
('978067903', '19'),
('978006104', '20'),
('978006205', '21'),
('978030706', '22'),
('978043907', '23'),
('978031008', '24'),
('978067910', '25'),
('978006106', '26'),
('978006207', '27'),
('978030710', '28'),
('978043902', '29'),
('978031003', '30'),
('978067904', '31'),
('978006107', '32'),
('978006208', '33'),
('978030707', '34'),
('978043908', '35');

-- Libro_Cliente
INSERT INTO LibreriaBuscaLibre.libro_cliente (ISBN_libro_cliente, id_cliente) 
VALUES 
('978031001', '23467890'),
('978067902', '23478901'),
('978006103', '345689012'),
('978006204', '45690123'),
('978030705', '567901234'),
('978043906', '678912345'),
('978031007', '789023456'),
('978067909', '890124567'),
('978006105', '901235678'),
('978006206', '11020303'),
('978030709', '50738233'),
('978043901', '23421971'),
('978031002', '20303250'),
('978067903', '37523533'),
('978006104', '6009642'),
('978006205', '38233474'),
('978030706', '82346564'),
('978043907', '25859625'),
('978031008', '37737440'),
('978067910', '94063237'),
('978006106', '564333'),
('978006207', '7464333'),
('978030710', '74481282'),
('978043902', '633946'),
('978031003', '22194063'),
('978067904', '7374401'),
('978006107', '59625859'),
('978006208', '30303250'),
('978030707', '47920037'),
('978043908', '7823347');

-- Telefono_cliente

INSERT INTO LibreriaBuscaLibre.telefono_cliente (cedula_cliente, numero) 
VALUES 
('23467890', '123456789'),
('23478901', '234567890'),
('345689012', '345678901'),
('45690123', '456789012'),
('567901234', '567890123'),
('678912345', '678901234'),
('789023456', '789012345'),
('890124567', '890123456'),
('901235678', '901234567'),
('11020303', '110203032'),
('50738233', '507382331'),
('23421971', '234219711'),
('20303250', '203032502'),
('37523533', '375235331'),
('6009642', '60096421'),
('38233474', '382334741'),
('82346564', '823465642'),
('25859625', '258596251'),
('37737440', '377374401'),
('94063237', '940632372'),
('564333', '5643331'),
('7464333', '74643332'),
('74481282', '744812821'),
('633946', '6339461'),
('22194063', '221940632'),
('7374401', '73744012'),
('59625859', '596258591'),
('30303250', '303032502'),
('47920037', '479200371'),
('7823347', '78233472');
